hour,reddit_sentiment_mean,reddit_message_count,twitter_sentiment_mean,twitter_message_count
2025-07-03 09:00:00,0.3612,1.0,0.0,0.0
2025-07-03 11:00:00,-0.12177500000000001,4.0,0.0,0.0
2025-07-03 13:00:00,0.205625,4.0,0.0,0.0
2025-07-03 14:00:00,0.18663333333333335,6.0,0.0,0.0
2025-07-03 15:00:00,0.296,1.0,0.0,0.0
2025-07-03 16:00:00,0.21075,2.0,0.0,0.0
2025-07-03 17:00:00,0.92235,2.0,0.0,0.0
2025-07-03 18:00:00,0.00818333333333332,6.0,0.0,0.0
2025-07-03 20:00:00,0.31945,4.0,0.0,0.0
2025-07-03 21:00:00,0.18512727272727272,11.0,0.0,0.0
2025-07-03 22:00:00,-0.40812,5.0,0.0,0.0
2025-07-03 23:00:00,0.7906,1.0,0.0,0.0
2025-07-04 00:00:00,0.8591,1.0,0.0,0.0
2025-07-04 01:00:00,0.296,1.0,0.0,0.0
2025-07-04 02:00:00,0.3976,2.0,0.0,0.0
2025-07-04 03:00:00,0.44915,4.0,0.0,0.0
2025-07-04 04:00:00,0.4019,1.0,0.0,0.0
2025-07-04 05:00:00,0.9821,1.0,0.0,0.0
2025-07-04 06:00:00,0.0,3.0,0.0,0.0
2025-07-04 07:00:00,0.4619666666666667,3.0,0.0,0.0
2025-07-04 08:00:00,0.444,1.0,0.0,0.0
2025-07-04 10:00:00,0.5229,1.0,0.0,0.0
2025-07-04 11:00:00,0.6298,1.0,0.0,0.0
2025-07-04 12:00:00,0.91605,2.0,0.0,0.0
2025-07-04 13:00:00,-0.38015,2.0,0.0,0.0
2025-07-04 14:00:00,0.19825,2.0,0.0,0.0
2025-07-04 15:00:00,0.657,4.0,0.0,0.0
2025-07-04 16:00:00,0.9812,1.0,0.0,0.0
2025-07-04 17:00:00,0.4725,5.0,0.0,0.0
2025-07-04 18:00:00,0.025599999999999956,2.0,0.0,0.0
2025-07-04 19:00:00,-0.384,2.0,0.0,0.0
2025-07-04 20:00:00,0.28113333333333335,3.0,0.0,0.0
2025-07-04 22:00:00,0.9896,1.0,0.0,0.0
2025-07-04 23:00:00,0.5106,1.0,0.0,0.0
2025-07-05 00:00:00,0.75345,2.0,0.0,0.0
2025-07-05 01:00:00,0.3182,1.0,0.0,0.0
2025-07-05 02:00:00,0.20446666666666666,3.0,0.0,0.0
2025-07-05 03:00:00,0.5972999999999999,2.0,0.0,0.0
2025-07-05 04:00:00,0.9802,1.0,0.0,0.0
2025-07-05 05:00:00,-0.23060000000000003,4.0,0.0,0.0
2025-07-05 07:00:00,-0.3595,1.0,0.0,0.0
2025-07-05 09:00:00,0.42815000000000003,2.0,0.0,0.0
2025-07-05 10:00:00,0.34,1.0,0.0,0.0
2025-07-05 11:00:00,-0.4548,2.0,0.0,0.0
2025-07-05 13:00:00,-0.23199999999999998,2.0,0.0,0.0
2025-07-05 15:00:00,0.962025,4.0,0.0,0.0
2025-07-05 16:00:00,0.2488,2.0,0.0,0.0
2025-07-05 17:00:00,-0.9217,1.0,0.0,0.0
2025-07-05 18:00:00,0.0,1.0,0.0,0.0
2025-07-05 19:00:00,0.11542857142857144,7.0,0.0,0.0
2025-07-05 20:00:00,0.2287,2.0,0.0,0.0
2025-07-05 21:00:00,0.48356666666666664,3.0,0.0,0.0
2025-07-05 22:00:00,0.0,1.0,0.0,0.0
2025-07-05 23:00:00,0.4983,1.0,0.0,0.0
2025-07-06 02:00:00,0.0,2.0,0.0,0.0
2025-07-06 03:00:00,0.0,1.0,0.0,0.0
2025-07-06 04:00:00,0.8481,1.0,0.0,0.0
2025-07-06 05:00:00,0.9913,1.0,0.0,0.0
2025-07-06 06:00:00,0.7964,1.0,0.0,0.0
2025-07-06 07:00:00,-0.3595,1.0,0.0,0.0
2025-07-06 09:00:00,0.3612,1.0,0.0,0.0
2025-07-06 12:00:00,0.7283,1.0,0.0,0.0
2025-07-06 14:00:00,0.9965,1.0,0.0,0.0
2025-07-06 15:00:00,0.6322,1.0,0.0,0.0
2025-07-06 16:00:00,0.5375,2.0,0.0,0.0
2025-07-06 17:00:00,0.9494,1.0,0.0,0.0
2025-07-07 18:00:00,0.0,0.0,0.138474,100.0
