time,Close,High,Low,Open,Volume,price_return,return_3h_mean,return_3h_std,volume_zscore,reddit_sentiment_mean,reddit_message_count,twitter_sentiment_mean,twitter_message_count
2025-06-30 13:30:00,23.81999969482422,23.8799991607666,23.540000915527344,23.63999938964844,1680982,0.0,0.0,0.0,0.0,0.0,0.0,0.0,0.0
2025-06-30 14:30:00,23.82999992370605,24.020000457763672,23.729999542236328,23.809999465942383,1671777,0.00041982489546410484,0.0,0.0,0.0,0.0,0.0,0.0,0.0
2025-06-30 15:30:00,23.799999237060547,23.8799991607666,23.75,23.82999992370605,1052506,-0.0012589461494567633,-0.0002797070846642195,0.0008736389959386506,0.0,0.0,0.0,0.0,0.0
2025-06-30 16:30:00,23.90999984741211,23.940000534057617,23.799999237060547,23.799999237060547,504321,0.004621874532679593,0.0012609177595623116,0.003029288840369695,0.0,0.0,0.0,0.0,0.0
2025-06-30 17:30:00,24.03219985961914,24.100000381469727,23.899999618530277,23.905000686645508,1419868,0.005110832830902634,0.0028245870713751544,0.0035448840218798012,0.0,0.0,0.0,0.0,0.0
2025-06-30 18:30:00,24.024999618530277,24.06999969482422,23.96999931335449,24.040000915527344,897743,-0.0002996080729572581,0.003144366430208323,0.002992572528476336,0.0,0.0,0.0,0.0,0.0
2025-06-30 19:30:00,24.375,24.399999618530277,24.01000022888184,24.024999618530277,2347404,0.014568174277920454,0.006459799678621943,0.007525126023891695,0.0,0.0,0.0,0.0,0.0
2025-07-01 13:30:00,24.334999084472656,24.5,24.049999237060547,24.149999618530277,1860030,-0.001641063201121784,0.0042091676679471375,0.008996201360814624,0.0,0.0,0.0,0.0,0.0
2025-07-01 14:30:00,24.165000915527344,24.43000030517578,23.920000076293945,24.31999969482422,1223197,-0.00698574790799078,0.0019804543896026297,0.011224055980082418,0.0,0.0,0.0,0.0,0.0
2025-07-01 15:30:00,24.280000686645508,24.31999969482422,24.020000457763672,24.165000915527344,734285,0.004758939241101823,-0.0012892906226702472,0.005880240387750152,0.0,0.0,0.0,0.0,0.0
2025-07-01 16:30:00,24.13999938964844,24.279199600219727,24.05459976196289,24.26000022888184,726596,-0.005766115858228504,-0.002664308175039154,0.006457579053727069,0.0,0.0,0.0,0.0,0.0
2025-07-01 17:30:00,24.075000762939453,24.18000030517578,24.030000686645508,24.13999938964844,437365,-0.0026925695257830062,-0.0012332487143032294,0.005412153835036318,0.0,0.0,0.0,0.0,0.0
2025-07-01 18:30:00,23.920000076293945,24.15999984741211,23.8700008392334,24.075000762939453,1280661,-0.006438242231921909,-0.004965642538644473,0.001997018817363243,0.0,0.0,0.0,0.0,0.0
2025-07-01 19:30:00,23.700000762939453,23.989999771118164,23.68000030517578,23.920000076293945,1120361,-0.00919729567946459,-0.006109369145723169,0.003264809904683075,0.0,0.0,0.0,0.0,0.0
2025-07-02 13:30:00,23.86739921569824,24.100000381469727,23.780000686645508,23.899999618530277,1539500,0.007063225627425007,-0.002857437427987164,0.008701595289133151,0.0,0.0,0.0,0.0,0.0
2025-07-02 14:30:00,23.93470001220703,24.049999237060547,23.81999969482422,23.86000061035156,914250,0.002819779226910013,0.00022856972495681008,0.008434270170276268,0.0,0.0,0.0,0.0,0.0
2025-07-02 15:30:00,23.949899673461918,24.020000457763672,23.850000381469727,23.939699172973636,492892,0.0006350470758829108,0.0035060173100726435,0.003268571844508471,0.0,0.0,0.0,0.0,0.0
2025-07-02 16:30:00,23.84000015258789,23.98500061035156,23.75,23.94770050048828,919560,-0.004588725730479859,-0.0003779664758956451,0.0038067221816127897,0.0,0.0,0.0,0.0,0.0
2025-07-02 17:30:00,23.864999771118164,23.90999984741211,23.809999465942383,23.84000015258789,398327,0.001048641710162057,-0.0009683456481449637,0.003142153574509297,0.0,0.0,0.0,0.0,0.0
2025-07-02 18:30:00,23.88500022888184,23.90999984741211,23.780000686645508,23.864999771118164,636461,0.000838066539094573,-0.0009006724937410763,0.0031956827100687096,0.0,0.0,0.0,0.0,0.0
2025-07-02 19:30:00,23.940000534057617,23.97529983520508,23.834999084472656,23.881500244140625,840809,0.002302713194420214,0.001396473814558948,0.0007918572067462842,0.0,0.0,0.0,0.0,0.0
2025-07-03 13:30:00,23.86870002746582,24.049999237060547,23.780000686645508,23.850000381469727,1515793,-0.0029783001253639307,5.415986938361872e-05,0.0027263817911377312,0.0,0.205625,4.0,0.0,0.0
2025-07-03 14:30:00,24.05030059814453,24.15999984741211,23.850000381469727,23.861400604248047,1115718,0.007608314255478588,0.0023109091081782904,0.005293311949235295,0.0,0.1866333333333333,6.0,0.0,0.0
2025-07-03 15:30:00,23.854999542236328,24.065000534057617,23.7450008392334,24.059999465942383,1085856,-0.008120524527800321,-0.0011635034658952215,0.008019925657636035,-0.029942917017115427,0.296,1.0,0.0,0.0
2025-07-07 13:30:00,23.01000022888184,23.479999542236328,22.830299377441406,23.479999542236328,3255339,-0.03542231521985062,-0.01197817516405745,0.02177314560609764,3.1942014273868167,0.0,0.0,0.0,0.0
2025-07-07 14:30:00,22.92989921569824,23.11000061035156,22.84000015258789,23.01000022888184,1455020,-0.0034811391736997432,-0.015674659640450228,0.017258574673996933,0.4593858380604121,0.0,0.0,0.0,0.0
2025-07-07 15:30:00,23.039899826049805,23.108200073242188,22.90010070800781,22.924999237060547,1076441,0.004797256600075128,-0.011368732597825079,0.0212382693942508,-0.1262248322884592,0.0,0.0,0.0,0.0
2025-07-07 16:30:00,22.75,23.059999465942383,22.709999084472656,23.03499984741211,1313982,-0.012582512434452187,-0.0037554650026922673,0.008693131421916845,0.1926055962998441,0.0,0.0,0.0,0.0
2025-07-07 17:30:00,22.66990089416504,22.799999237060547,22.649999618530277,22.7549991607666,1668319,-0.003520839816921306,-0.0037686985504327883,0.008692535210582244,0.7288697117156425,0.0,0.0,0.0,0.0
2025-07-07 18:30:00,22.65999984741211,22.709999084472656,22.62879943847656,22.665000915527344,651524,-0.0004367485680308869,-0.00551336693980146,0.006313281098309827,-0.8362821294451858,0.0,0.0,0.138474,100.0
